{
    "STEAM_BALANCE": {
        "FOREIGN": {
            "markup": 5.0,
            "commission": 5.0
        },
        "CRYPTO_PAY": {
            "markup": 5.0,
            "commission": 5.0
        },
        "LOLZ": {
            "markup": 5.0,
            "commission": 5.0
        },
        "RUKASSA": {
            "markup": 5.0,
            "commission": 5.0
        },
        "APAYS": {
            "markup": 5.0,
            "commission": 5.0
        },
        "WATA": {
            "markup": 5.0,
            "commission": 5.0
        },
        "HELEKET": {
            "markup": 5.0,
            "commission": 5.0
        },
        "PLATIMA": {
            "markup": 5.0,
            "commission": 5.0
        },
        "BALANCE": {
            "markup": 10.0,
            "commission": 5.0
        }
    },
    "TG_STARS": {
        "BALANCE": {
            "markup": 0.11,
            "commission": 0.1
        }
    },
    "NS_GIFTS_ITEM": {
        "BALANCE": {
            "markup": 6.0,
            "commission": 5.0
        }
    },
    "VPN": {
        "BALANCE": {
            "1m": {
                "markup": 75.0,
                "commission": 75.0
            },
            "3m": {
                "markup": 130.0,
                "commission": 130.0
            },
            "6m": {
                "markup": 150.0,
                "commission": 150.0
            },
            "12m": {
                "markup": 180.0,
                "commission": 180.0
            }
        }
    },
    "OTHER": {
        "BALANCE": {
            "markup": 5.0,
            "commission": 5.0
        }
    },
    "TG_PREM": {
        "BALANCE": {
            "markup": 1.0,
            "commission": 1.0
        }
    }
}