{
    "STEAM_BALANCE": {
        "FOREIGN": {
            "markup": 5.0,
            "commission": 5.0
        },
        "CRYPTO_PAY": {
            "markup": 5.0,
            "commission": 5.0
        },
        "LOLZ": {
            "markup": 5.0,
            "commission": 5.0
        },
        "RUKASSA": {
            "markup": 5.0,
            "commission": 5.0
        },
        "APAYS": {
            "markup": 5.0,
            "commission": 5.0
        },
        "WATA": {
            "markup": 5.0,
            "commission": 5.0
        },
        "HELEKET": {
            "markup": 5.0,
            "commission": 5.0
        },
        "PLATIMA": {
            "markup": 5.0,
            "commission": 5.0
        },
        "BALANCE": {
            "markup": 3.0,
            "commission": 3.0
        }
    },
    "TG_STARS": {
        "BALANCE": {
            "markup": 0.05,
            "commission": 0.05
        }
    },
    "NS_GIFTS_ITEM": {
        "BALANCE": {
            "markup": 4.5,
            "commission": 4.5
        }
    },
    "OTHER": {
        "BALANCE": {
            "markup": 5.0,
            "commission": 5.0
        }
    },
    "TG_PREM": {
        "BALANCE": {
            "markup": 0.06,
            "commission": 0.06
        }
    },
    "VPN": {
        "BALANCE": {
            "1m": {
                "markup": 20.0,
                "commission": 25.0
            },
            "3m": {
                "markup": 20.0,
                "commission": 50.0
            },
            "6m": {
                "markup": 20.0,
                "commission": 50.0
            },
            "12m": {
                "markup": 20.0,
                "commission": 50.0
            }
        }
    }
}