{
    "STEAM_BALANCE": {
        "FOREIGN": {
            "markup": 5.0,
            "commission": 5.0
        },
        "CRYPTO_PAY": {
            "markup": 5.0,
            "commission": 5.0
        },
        "LOLZ": {
            "markup": 5.0,
            "commission": 5.0
        },
        "RUKASSA": {
            "markup": 5.0,
            "commission": 5.0
        },
        "APAYS": {
            "markup": 5.0,
            "commission": 5.0
        },
        "WATA": {
            "markup": 5.0,
            "commission": 5.0
        },
        "HELEKET": {
            "markup": 5.0,
            "commission": 5.0
        },
        "PLATIMA": {
            "markup": 5.0,
            "commission": 5.0
        },
        "BALANCE": {
            "markup": 5.0,
            "commission": 5.0
        }
    },
    "TG_STARS": {
        "BALANCE": {
            "markup": 0.2,
            "commission": 0.1
        }
    },
    "NS_GIFTS_ITEM": {
        "BALANCE": {
            "markup": 5.0,
            "commission": 5.0
        }
    },
    "VPN": {
        "BALANCE": {
            "1m": {
                "markup": 74.0,
                "commission": 74.0
            },
            "3m": {
                "markup": 164.0,
                "commission": 164.0
            },
            "6m": {
                "markup": 189.0,
                "commission": 189.0
            },
            "12m": {
                "markup": 179.0,
                "commission": 179.0
            }
        }
    },
    "OTHER": {
        "BALANCE": {
            "markup": 5.0,
            "commission": 5.0
        }
    },
    "TG_PREM": {
        "BALANCE": {
            "markup": 2.0,
            "commission": 1.0
        }
    }
}