{
    "STEAM_BALANCE": {
        "FOREIGN": {
            "markup": 3.0,
            "commission": 2.0
        },
        "CRYPTO_PAY": {
            "markup": 4.0,
            "commission": 2.0
        },
        "LOLZ": {
            "markup": 2.0,
            "commission": 2.0
        },
        "RUKASSA": {
            "markup": 1.0,
            "commission": 5.0
        },
        "APAYS": {
            "markup": 1.0,
            "commission": 5.0
        },
        "WATA": {
            "markup": 1.0,
            "commission": 5.0
        },
        "HELEKET": {
            "markup": 1.0,
            "commission": 1.0
        },
        "PLATIMA": {
            "markup": 1.0,
            "commission": 1.0
        },
        "BALANCE": {
            "markup": 3.0,
            "commission": 2.0
        }
    },
    "TG_STARS": {
        "BALANCE": {
            "markup": 0.15,
            "commission": 0.08
        }
    },
    "NS_GIFTS_ITEM": {
        "BALANCE": {
            "markup": 6.0,
            "commission": 4.0
        }
    },
    "OTHER": {
        "BALANCE": {
            "markup": 7.0,
            "commission": 4.0
        }
    },
    "TG_PREM": {
        "BALANCE": {
            "markup": 5.0,
            "commission": 3.0
        }
    },
    "VPN": {
        "BALANCE": {
            "1m": {
                "markup": 64.0,
                "commission": 40.0
            },
            "3m": {
                "markup": 174.0,
                "commission": 100.0
            },
            "6m": {
                "markup": 339.0,
                "commission": 200.0
            },
            "12m": {
                "markup": 579.0,
                "commission": 300.0
            }
        }
    }
}