{
    "STEAM_BALANCE": {
        "FOREIGN": {
            "markup": 5.0,
            "commission": 5.0
        },
        "CRYPTO_PAY": {
            "markup": 5.0,
            "commission": 5.0
        },
        "LOLZ": {
            "markup": 5.0,
            "commission": 5.0
        },
        "RUKASSA": {
            "markup": 5.0,
            "commission": 5.0
        },
        "APAYS": {
            "markup": 5.0,
            "commission": 5.0
        },
        "WATA": {
            "markup": 5.0,
            "commission": 5.0
        },
        "HELEKET": {
            "markup": 5.0,
            "commission": 5.0
        },
        "PLATIMA": {
            "markup": 5.0,
            "commission": 5.0
        },
        "BALANCE": {
            "markup": 1.0,
            "commission": 0.01
        }
    },
    "TG_STARS": {
        "BALANCE": {
            "markup": 0.01,
            "commission": 0.001
        }
    },
    "NS_GIFTS_ITEM": {
        "BALANCE": {
            "markup": 4.5,
            "commission": 2.0
        }
    },
    "VPN": {
        "BALANCE": {
            "1m": {
                "markup": 150.0,
                "commission": 40.0
            },
            "3m": {
                "markup": 110.0,
                "commission": 40.0
            },
            "6m": {
                "markup": 105.0,
                "commission": 40.0
            },
            "12m": {
                "markup": 80.0,
                "commission": 30.0
            }
        }
    },
    "OTHER": {
        "BALANCE": {
            "markup": 5.0,
            "commission": 5.0
        }
    },
    "TG_PREM": {
        "BALANCE": {
            "markup": 1.5,
            "commission": 0.5
        }
    }
}