{
    "STEAM_BALANCE": {
        "FOREIGN": {
            "markup": 5.0,
            "commission": 5.0
        },
        "CRYPTO_PAY": {
            "markup": 5.0,
            "commission": 5.0
        },
        "LOLZ": {
            "markup": 5.0,
            "commission": 5.0
        },
        "RUKASSA": {
            "markup": 5.0,
            "commission": 5.0
        },
        "APAYS": {
            "markup": 5.0,
            "commission": 5.0
        },
        "WATA": {
            "markup": 5.0,
            "commission": 5.0
        },
        "HELEKET": {
            "markup": 5.0,
            "commission": 5.0
        },
        "PLATIMA": {
            "markup": 5.0,
            "commission": 5.0
        },
        "BALANCE": {
            "markup": 1e-12,
            "commission": 1e-12
        }
    },
    "TG_STARS": {
        "BALANCE": {
            "markup": 1e-52,
            "commission": 1e-52
        }
    },
    "NS_GIFTS_ITEM": {
        "BALANCE": {
            "markup": 0.001,
            "commission": 1e-08
        }
    },
    "OTHER": {
        "BALANCE": {
            "markup": 5.0,
            "commission": 5.0
        }
    },
    "TG_PREM": {
        "BALANCE": {
            "markup": 1.5,
            "commission": 1.0
        }
    }
}