{
    "STEAM_BALANCE": {
        "FOREIGN": {
            "markup": 5.0,
            "commission": 5.0
        },
        "CRYPTO_PAY": {
            "markup": 5.0,
            "commission": 5.0
        },
        "LOLZ": {
            "markup": 5.0,
            "commission": 5.0
        },
        "RUKASSA": {
            "markup": 5.0,
            "commission": 5.0
        },
        "APAYS": {
            "markup": 5.0,
            "commission": 5.0
        },
        "WATA": {
            "markup": 5.0,
            "commission": 5.0
        },
        "HELEKET": {
            "markup": 5.0,
            "commission": 5.0
        },
        "PLATIMA": {
            "markup": 5.0,
            "commission": 5.0
        },
        "BALANCE": {
            "markup": 0.1,
            "commission": 0.1
        }
    },
    "TG_STARS": {
        "BALANCE": {
            "markup": 0.01,
            "commission": 0.01
        }
    },
    "NS_GIFTS_ITEM": {
        "BALANCE": {
            "markup": 0.1,
            "commission": 0.1
        }
    },
    "OTHER": {
        "BALANCE": {
            "markup": 5.0,
            "commission": 5.0
        }
    },
    "TG_PREM": {
        "BALANCE": {
            "markup": 0.1,
            "commission": 0.1
        }
    },
    "VPN": {
        "BALANCE": {
            "1m": {
                "markup": 0.1,
                "commission": 0.1
            },
            "3m": {
                "markup": 0.1,
                "commission": 0.1
            },
            "6m": {
                "markup": 0.1,
                "commission": 0.1
            },
            "12m": {
                "markup": 0.1,
                "commission": 0.1
            }
        }
    }
}